name,username,email,company,city
Ervin Howell,Antonette,Shanna@melissa.tv,Deckow-Crist,Lebsackbury
Clementina DuBuque,Moriah.Stanton,Rey.Padberg@karina.biz,Hoeger LLC,South Christy
Mrs. Dennis Schulist,Leopoldo_Corkery,Karley_Dach@jasper.info,Considine-Lockman,South Christy
Chelsey Dietrich,Kamren,Lucio_Hettinger@annie.ca,Keebler LLC,Lebsackbury
Ervin Howell,Antonette,Shanna@melissa.tv,Deckow-Crist,Aliyaview
Chelsey Dietrich,Kamren,Lucio_Hettinger@annie.ca,Keebler LLC,Howemouth
Kurtis Weissnat,Elwyn.Skiles,Telly.Hoeger@billy.biz,Johns Group,Gwenborough
Clementina DuBuque,Moriah.Stanton,Rey.Padberg@karina.biz,Hoeger LLC,Lebsackbury
Leanne Graham,Bret,Sincere@april.biz,Romaguera-Crona,Aliyaview
Nicholas Runolfsdottir V,Maxime_Nienow,Sherwood@rosamond.me,Abernathy Group,Wisokyburgh
Patricia Lebsack,Karianne,Julianne.OConner@kory.org,Robel-Corkery,McKenziehaven
Nicholas Runolfsdottir V,Maxime_Nienow,Sherwood@rosamond.me,Abernathy Group,Bartholomebury
Clementina DuBuque,Moriah.Stanton,Rey.Padberg@karina.biz,Hoeger LLC,Gwenborough
Chelsey Dietrich,Kamren,Lucio_Hettinger@annie.ca,Keebler LLC,McKenziehaven
Patricia Lebsack,Karianne,Julianne.OConner@kory.org,Robel-Corkery,Gwenborough
Nicholas Runolfsdottir V,Maxime_Nienow,Sherwood@rosamond.me,Abernathy Group,Wisokyburgh
Kurtis Weissnat,Elwyn.Skiles,Telly.Hoeger@billy.biz,Johns Group,Bartholomebury
Glenna Reichert,Delphine,Chaim_McDermott@dana.io,Yost and Sons,South Christy
Clementine Bauch,Samantha,Nathan@yesenia.net,Romaguera-Jacobson,Gwenborough
Ervin Howell,Antonette,Shanna@melissa.tv,Deckow-Crist,Gwenborough
Clementine Bauch,Samantha,Nathan@yesenia.net,Romaguera-Jacobson,South Christy
Leanne Graham,Bret,Sincere@april.biz,Romaguera-Crona,Gwenborough
Leanne Graham,Bret,Sincere@april.biz,Romaguera-Crona,Roscoeview
Glenna Reichert,Delphine,Chaim_McDermott@dana.io,Yost and Sons,Howemouth
Kurtis Weissnat,Elwyn.Skiles,Telly.Hoeger@billy.biz,Johns Group,Howemouth
Patricia Lebsack,Karianne,Julianne.OConner@kory.org,Robel-Corkery,South Christy
Mrs. Dennis Schulist,Leopoldo_Corkery,Karley_Dach@jasper.info,Considine-Lockman,Gwenborough
Clementine Bauch,Samantha,Nathan@yesenia.net,Romaguera-Jacobson,Howemouth
Mrs. Dennis Schulist,Leopoldo_Corkery,Karley_Dach@jasper.info,Considine-Lockman,Bartholomebury
Glenna Reichert,Delphine,Chaim_McDermott@dana.io,Yost and Sons,Bartholomebury
